{
  "ada": 6118.40477,
  "iotx": 43372.545,
  "ltc": 6.77041551
}
